time	species	prob	err
Fri Mar 24 16:05:16 AEST 2017	Halobacillus 	0.1018440614763995	0.04921248252903108
Fri Mar 24 16:05:16 AEST 2017	Chromobacterium 	0.1018440614763995	0.04921248252903108
Fri Mar 24 16:05:16 AEST 2017	Pseudomo 0.05230845776122922	0.04921248252903108
Fri Mar 24 16:05:16 AEST 2017	Bacillus 0.19781929367454193	0.0492124825290311
Fri Mar 24 16:05:16 AEST 2017	Pseudomo 0.10803601194079578	0.04921248252903108
Fri Mar 24 16:05:16 AEST 2017	Pseudoalteromonas 	0.09255613577980507	0.04921248252903108
Fri Mar 24 16:05:16 AEST 2017	Enterococcus 	0.07707625961881436	0.04921248252903108
Fri Mar 24 16:05:16 AEST 2017	Escherichia 	0.19472331844234375	0.04921248252903107
